-- Seed categories
INSERT INTO categories (name, slug, description, image_url, icon, sort_order) VALUES
  ('Sneakers', 'sneakers', 'Premium kicks from top brands', '/images/categories/sneakers.jpg', '👟', 1),
  ('Electronics', 'electronics', 'Latest tech and gadgets', '/images/categories/electronics.jpg', '📱', 2),
  ('Apparel', 'apparel', 'Exclusive apparel collections', '/images/categories/apparel.jpg', '👕', 3),
  ('Home & Living', 'home-living', 'Curated home essentials', '/images/categories/home-living.jpg', '🏠', 4),
  ('Accessories', 'accessories', 'Premium watches and accessories', '/images/categories/accessories.jpg', '⌚', 5),
  ('Collectibles', 'collectibles', 'Rare finds and collectible items', '/images/categories/collectibles.jpg', '🎭', 6)
ON CONFLICT (slug) DO NOTHING;

-- Seed products (29 products across 6 categories)
-- Using deterministic UUIDs based on product IDs for reproducibility
INSERT INTO products (id, name, slug, description, long_description, category, brand, retail_price, compare_at_price, image_url, rating, review_count, quantity_available, in_stock, sku, sizes, features, specifications, media, tags, badge, status, created_at) VALUES
-- Sneakers
(
  '00000000-0000-0000-0000-000000000001',
  'Air Jordan 4 Retro Bred',
  'air-jordan-4-retro-bred',
  'The iconic AJ4 in the classic Bred colorway. Premium leather upper with visible Air unit.',
  'The Air Jordan 4 Retro ''Bred'' brings back one of the most legendary colorways in sneaker history. Featuring a black nubuck upper with cement grey accents and fire red highlights, this shoe stays true to the 1989 original. The visible Air-Sole unit in the heel provides responsive cushioning, while the mesh inserts offer breathability for all-day wear.',
  'Sneakers', 'Nike', 215.00, 250.00,
  '/images/products/aj4-bred-1.jpg',
  4.8, 124, 12, true, 'SNK-AJ4-BRD',
  ARRAY['7','7.5','8','8.5','9','9.5','10','10.5','11','11.5','12','13'],
  ARRAY['Premium nubuck leather upper','Visible Air-Sole unit','Mesh side panels','Rubber outsole with herringbone pattern'],
  '{"Brand":"Nike","Style":"Air Jordan 4 Retro","Color":"Black/Cement Grey/Fire Red","Release":"2024"}',
  '[{"url":"/images/products/aj4-bred-1.jpg","type":"image"}]',
  ARRAY['jordan','retro','bred','featured'],
  'Sale', 'active', '2024-09-15'
),
(
  '00000000-0000-0000-0000-000000000002',
  'Nike Dunk Low Panda',
  'nike-dunk-low-panda',
  'Clean black and white colorway that goes with everything. A modern classic.',
  'The Nike Dunk Low ''Panda'' features a crisp black and white leather upper that has become one of the most popular sneakers of the decade. Originally designed as a basketball shoe in 1985, the Dunk has evolved into a streetwear staple. The padded collar and rubber cupsole provide comfort for daily wear.',
  'Sneakers', 'Nike', 115.00, NULL,
  '/images/products/dunk-panda-1.jpg',
  4.6, 89, 25, true, 'SNK-DNK-PND',
  ARRAY['6','6.5','7','7.5','8','8.5','9','9.5','10','10.5','11','12'],
  ARRAY['Leather upper','Padded collar','Rubber cupsole','Perforated toe box'],
  '{"Brand":"Nike","Style":"Dunk Low","Color":"Black/White","Release":"2024"}',
  '[{"url":"/images/products/dunk-panda-1.jpg","type":"image"}]',
  ARRAY['nike','dunk','panda','featured'],
  NULL, 'active', '2024-10-01'
),
(
  '00000000-0000-0000-0000-000000000003',
  'New Balance 550 White Green',
  'new-balance-550-white-green',
  'Retro basketball silhouette with a clean white and green colorway.',
  'The New Balance 550 revives a classic 1989 basketball design with modern styling. This White/Green colorway features a premium leather upper with perforated detailing, a flat rubber outsole, and the signature N logo in forest green. A versatile sneaker that bridges the gap between sport and style.',
  'Sneakers', 'New Balance', 130.00, NULL,
  '/images/products/nb550-wg-1.jpg',
  4.5, 56, 18, true, 'SNK-NB550-WG',
  ARRAY['7','7.5','8','8.5','9','9.5','10','10.5','11','12'],
  ARRAY['Premium leather upper','Flat rubber outsole','Perforated side panels','Padded tongue and collar'],
  '{"Brand":"New Balance","Style":"550","Color":"White/Green","Release":"2024"}',
  '[{"url":"/images/products/nb550-wg-1.jpg","type":"image"}]',
  ARRAY['new-balance','retro','basketball'],
  NULL, 'active', '2024-08-20'
),
(
  '00000000-0000-0000-0000-000000000004',
  'Adidas Yeezy Slide Onyx',
  'adidas-yeezy-slide-onyx',
  'Minimalist EVA foam slide in sleek Onyx black. Ultimate comfort.',
  'The Adidas Yeezy Slide in Onyx delivers a minimalist aesthetic with maximum comfort. Crafted from lightweight injected EVA foam, these slides feature a soft footbed and a serrated outsole for traction. The monochrome black colorway makes them a versatile choice for casual wear.',
  'Sneakers', 'Adidas', 70.00, 90.00,
  '/images/products/yeezy-slide-1.jpg',
  4.3, 201, 40, true, 'SNK-YZY-SLD',
  ARRAY['6','7','8','9','10','11','12','13'],
  ARRAY['Injected EVA foam construction','Soft footbed','Serrated outsole','Lightweight design'],
  '{"Brand":"Adidas","Style":"Yeezy Slide","Color":"Onyx","Release":"2024"}',
  '[{"url":"/images/products/yeezy-slide-1.jpg","type":"image"}]',
  ARRAY['adidas','yeezy','slides'],
  'Sale', 'active', '2024-07-10'
),
(
  '00000000-0000-0000-0000-000000000005',
  'Nike Air Max 90 Infrared',
  'nike-air-max-90-infrared',
  'The OG Air Max 90 in the iconic Infrared colorway. Timeless design.',
  'The Nike Air Max 90 Infrared is one of the most important sneakers ever created. This reissue stays faithful to the 1990 original with its layered upper of mesh, leather, and synthetic materials. The visible Max Air unit in the heel revolutionized sneaker design, and the Infrared accents remain one of the most recognizable color schemes in footwear.',
  'Sneakers', 'Nike', 140.00, NULL,
  '/images/products/am90-infrared-1.jpg',
  4.7, 178, 8, true, 'SNK-AM90-INF',
  ARRAY['7','7.5','8','8.5','9','9.5','10','10.5','11','11.5','12','13'],
  ARRAY['Mixed material upper','Visible Max Air unit','Rubber waffle outsole','Padded collar'],
  '{"Brand":"Nike","Style":"Air Max 90","Color":"White/Black/Infrared","Release":"2024"}',
  '[{"url":"/images/products/am90-infrared-1.jpg","type":"image"}]',
  ARRAY['nike','air-max','retro'],
  NULL, 'active', '2024-11-05'
),
-- Electronics
(
  '00000000-0000-0000-0000-000000000006',
  'Sony WH-1000XM5 Headphones',
  'sony-wh1000xm5-headphones',
  'Industry-leading noise cancelling wireless headphones with exceptional sound.',
  'The Sony WH-1000XM5 sets the standard for premium noise-cancelling headphones. With eight microphones and two processors for unparalleled noise cancellation, 30-hour battery life, and exceptional audio quality with LDAC support, these headphones deliver an immersive listening experience. The lightweight design and soft-fit leather earpads ensure all-day comfort.',
  'Electronics', 'Sony', 348.00, 400.00,
  '/images/products/sony-xm5-1.jpg',
  4.9, 312, 15, true, 'ELC-SNY-XM5',
  NULL,
  ARRAY['Industry-leading noise cancellation','30-hour battery life','LDAC Hi-Res Audio','Multipoint connection'],
  '{"Brand":"Sony","Type":"Over-ear wireless","Driver":"30mm","Weight":"250g"}',
  '[{"url":"/images/products/sony-xm5-1.jpg","type":"image"}]',
  ARRAY['sony','headphones','audio','featured'],
  'Sale', 'active', '2024-06-15'
),
(
  '00000000-0000-0000-0000-000000000007',
  'Apple AirPods Pro 2',
  'apple-airpods-pro-2',
  'Active noise cancellation, spatial audio, and USB-C charging case.',
  'AirPods Pro 2 deliver up to 2x more active noise cancellation than the previous generation. With Adaptive Transparency, personalized Spatial Audio, and a custom-built driver for incredible sound quality, these earbuds are perfect for music, calls, and everything in between. The MagSafe charging case provides up to 6 hours of listening time with a single charge.',
  'Electronics', 'Apple', 199.00, NULL,
  '/images/products/airpods-pro-1.jpg',
  4.7, 498, 30, true, 'ELC-APL-APP2',
  NULL,
  ARRAY['Active Noise Cancellation','Adaptive Transparency','Personalized Spatial Audio','USB-C MagSafe case'],
  '{"Brand":"Apple","Type":"In-ear wireless","Chip":"H2","Battery Life":"6 hours"}',
  '[{"url":"/images/products/airpods-pro-1.jpg","type":"image"}]',
  ARRAY['apple','airpods','audio'],
  NULL, 'active', '2024-09-20'
),
(
  '00000000-0000-0000-0000-000000000008',
  'Samsung Galaxy Tab S9',
  'samsung-galaxy-tab-s9',
  'Premium Android tablet with AMOLED display and S Pen included.',
  'The Samsung Galaxy Tab S9 features a stunning 11-inch Dynamic AMOLED 2X display with 120Hz refresh rate, the powerful Snapdragon 8 Gen 2 processor, and comes with the S Pen included. Water-resistant with an IP68 rating, this tablet is built for productivity, creativity, and entertainment. With 128GB storage and expandable microSD support, you''ll never run out of space.',
  'Electronics', 'Samsung', 649.00, 800.00,
  '/images/products/tab-s9-1.jpg',
  4.6, 167, 7, true, 'ELC-SAM-TS9',
  NULL,
  ARRAY['11" Dynamic AMOLED 2X display','S Pen included','IP68 water resistant','Snapdragon 8 Gen 2'],
  '{"Brand":"Samsung","Display":"11\" AMOLED","Processor":"Snapdragon 8 Gen 2","Storage":"128GB"}',
  '[{"url":"/images/products/tab-s9-1.jpg","type":"image"}]',
  ARRAY['samsung','tablet','featured'],
  'Sale', 'active', '2024-10-10'
),
(
  '00000000-0000-0000-0000-000000000009',
  'JBL Charge 5 Speaker',
  'jbl-charge-5-speaker',
  'Portable Bluetooth speaker with powerful bass and 20-hour battery.',
  'The JBL Charge 5 delivers bold JBL Original Pro Sound with its optimized long-excursion driver and dual JBL bass radiators. IP67 waterproof and dustproof, it''s built for any adventure. With 20 hours of playtime and a built-in powerbank to charge your devices, the Charge 5 is the ultimate portable speaker.',
  'Electronics', 'JBL', 140.00, NULL,
  '/images/products/jbl-charge5-1.jpg',
  4.5, 234, 22, true, 'ELC-JBL-CH5',
  NULL,
  ARRAY['JBL Original Pro Sound','IP67 waterproof','20-hour battery','Built-in powerbank'],
  '{"Brand":"JBL","Type":"Portable speaker","Connectivity":"Bluetooth 5.1","Weight":"960g"}',
  '[{"url":"/images/products/jbl-charge5-1.jpg","type":"image"}]',
  ARRAY['jbl','speaker','bluetooth'],
  NULL, 'active', '2024-08-01'
),
(
  '00000000-0000-0000-0000-000000000010',
  'Meta Quest 3 VR Headset',
  'meta-quest-3-vr-headset',
  'Mixed reality headset with breakthrough graphics and immersive experiences.',
  'Meta Quest 3 is the most powerful Quest yet, featuring the Snapdragon XR2 Gen 2 processor and a stunning 4K+ Infinite Display. With full-color passthrough and advanced mixed reality capabilities, you can seamlessly blend virtual content with your real environment. Access thousands of VR games, apps, and experiences with no PC required.',
  'Electronics', 'Meta', 499.00, NULL,
  '/images/products/quest3-1.jpg',
  4.4, 145, 10, true, 'ELC-MTA-QS3',
  NULL,
  ARRAY['Snapdragon XR2 Gen 2','4K+ Infinite Display','Full-color mixed reality','No PC required'],
  '{"Brand":"Meta","Type":"VR Headset","Processor":"Snapdragon XR2 Gen 2","Storage":"128GB"}',
  '[{"url":"/images/products/quest3-1.jpg","type":"image"}]',
  ARRAY['meta','vr','gaming'],
  NULL, 'active', '2024-11-01'
),
-- Apparel
(
  '00000000-0000-0000-0000-000000000011',
  'Essentials Fear of God Hoodie',
  'essentials-fear-of-god-hoodie',
  'Oversized fleece hoodie with signature Essentials branding. Ultra cozy.',
  'The Essentials Fear of God Hoodie embodies the brand''s minimalist luxury aesthetic. Made from heavyweight fleece cotton with a relaxed, oversized fit, it features the signature rubber Essentials logo on the chest. The ribbed cuffs and hem, kangaroo pocket, and lined hood make it a premium wardrobe staple for any season.',
  'Apparel', 'Fear of God Essentials', 90.00, NULL,
  '/images/products/fog-hoodie-1.jpg',
  4.7, 89, 15, true, 'STW-FOG-HDY',
  ARRAY['XS','S','M','L','XL','XXL'],
  ARRAY['Heavyweight fleece cotton','Oversized relaxed fit','Rubber logo detail','Kangaroo pocket'],
  '{"Brand":"Fear of God Essentials","Material":"100% Cotton","Fit":"Oversized","Care":"Machine wash cold"}',
  '[{"url":"/images/products/fog-hoodie-1.jpg","type":"image"}]',
  ARRAY['essentials','hoodie','fog','featured'],
  NULL, 'active', '2024-09-01'
),
(
  '00000000-0000-0000-0000-000000000012',
  'Nike Tech Fleece Joggers',
  'nike-tech-fleece-joggers',
  'Slim-fit joggers in Nike''s signature Tech Fleece fabric. Warm without bulk.',
  'Nike Tech Fleece Joggers deliver warmth without the weight. The innovative Tech Fleece fabric uses a foam layer sandwiched between two layers of jersey for lightweight insulation. The tapered leg, zippered pockets, and ribbed cuffs create a clean, modern silhouette that transitions seamlessly from the gym to the street.',
  'Apparel', 'Nike', 110.00, NULL,
  '/images/products/nike-tech-1.jpg',
  4.6, 203, 20, true, 'STW-NKE-TFJ',
  ARRAY['S','M','L','XL','XXL'],
  ARRAY['Nike Tech Fleece fabric','Zippered pockets','Tapered slim fit','Ribbed cuffs'],
  '{"Brand":"Nike","Material":"Tech Fleece","Fit":"Slim tapered","Care":"Machine wash"}',
  '[{"url":"/images/products/nike-tech-1.jpg","type":"image"}]',
  ARRAY['nike','joggers','tech-fleece'],
  NULL, 'active', '2024-10-15'
),
(
  '00000000-0000-0000-0000-000000000013',
  'Supreme Box Logo Tee',
  'supreme-box-logo-tee',
  'The iconic Supreme box logo on premium cotton. A streetwear grail.',
  'The Supreme Box Logo Tee is one of the most recognizable pieces in streetwear culture. This season''s release features the classic box logo printed on a heavyweight 100% cotton tee. The relaxed fit and reinforced collar ensure durability and comfort. A must-have for any streetwear collection.',
  'Apparel', 'Supreme', 68.00, NULL,
  '/images/products/supreme-bogo-1.jpg',
  4.4, 67, 5, true, 'STW-SPR-BOG',
  ARRAY['S','M','L','XL'],
  ARRAY['Heavyweight cotton','Box logo print','Reinforced collar','Relaxed fit'],
  '{"Brand":"Supreme","Material":"100% Cotton","Fit":"Relaxed","Care":"Machine wash cold"}',
  '[{"url":"/images/products/supreme-bogo-1.jpg","type":"image"}]',
  ARRAY['supreme','tee','box-logo'],
  NULL, 'active', '2024-07-20'
),
(
  '00000000-0000-0000-0000-000000000014',
  'Stussy 8 Ball Hoodie',
  'stussy-8-ball-hoodie',
  'Classic Stussy graphic hoodie with the iconic 8-ball design.',
  'The Stussy 8 Ball Hoodie is a streetwear classic that has endured for decades. This midweight fleece pullover features the iconic 8-ball graphic on the back and a small Stussy logo on the chest. With a standard fit, kangaroo pocket, and ribbed trims, it''s a timeless piece that belongs in every collection.',
  'Apparel', 'Stussy', 85.00, 100.00,
  '/images/products/stussy-8ball-1.jpg',
  4.5, 112, 14, true, 'STW-STY-8BL',
  ARRAY['S','M','L','XL','XXL'],
  ARRAY['Midweight fleece','Iconic 8-ball graphic','Kangaroo pocket','Ribbed cuffs and hem'],
  '{"Brand":"Stussy","Material":"80% Cotton / 20% Polyester","Fit":"Standard","Care":"Machine wash"}',
  '[{"url":"/images/products/stussy-8ball-1.jpg","type":"image"}]',
  ARRAY['stussy','hoodie','graphic'],
  'Sale', 'active', '2024-08-15'
),
(
  '00000000-0000-0000-0000-000000000015',
  'Carhartt WIP Detroit Jacket',
  'carhartt-wip-detroit-jacket',
  'Rugged organic cotton canvas jacket with blanket-lined interior.',
  'The Carhartt WIP Detroit Jacket is a workwear icon reimagined for modern streetwear. Crafted from organic cotton canvas with a blanket-lined interior for warmth, it features a corduroy collar, adjustable hem, and double chest pockets. The relaxed fit allows for layering while maintaining a structured silhouette.',
  'Apparel', 'Carhartt WIP', 225.00, NULL,
  '/images/products/carhartt-detroit-1.jpg',
  4.8, 76, 6, true, 'STW-CRT-DET',
  ARRAY['S','M','L','XL','XXL'],
  ARRAY['Organic cotton canvas','Blanket-lined interior','Corduroy collar','Double chest pockets'],
  '{"Brand":"Carhartt WIP","Material":"Organic cotton canvas","Fit":"Relaxed","Care":"Machine wash cold"}',
  '[{"url":"/images/products/carhartt-detroit-1.jpg","type":"image"}]',
  ARRAY['carhartt','jacket','workwear'],
  NULL, 'active', '2024-10-20'
),
-- Home & Living
(
  '00000000-0000-0000-0000-000000000016',
  'Ember Temperature Control Mug',
  'ember-temperature-mug',
  'Smart mug that keeps your drink at the perfect temperature for hours.',
  'The Ember Mug 2 uses innovative temperature control technology to keep your hot beverage at your preferred drinking temperature for up to 1.5 hours on a single charge, or all day on the included charging coaster. Control everything from the Ember app — set your ideal temperature, receive notifications, and create presets.',
  'Home & Living', 'Ember', 130.00, NULL,
  '/images/products/ember-mug-1.jpg',
  4.3, 89, 20, true, 'HML-EMB-MG2',
  NULL,
  ARRAY['Temperature control technology','1.5-hour battery life','App controlled','Charging coaster included'],
  '{"Brand":"Ember","Capacity":"10 oz","Material":"Stainless steel","Connectivity":"Bluetooth"}',
  '[{"url":"/images/products/ember-mug-1.jpg","type":"image"}]',
  ARRAY['ember','mug','smart-home'],
  NULL, 'active', '2024-06-01'
),
(
  '00000000-0000-0000-0000-000000000017',
  'Philips Hue Starter Kit',
  'philips-hue-starter-kit',
  'Smart LED light bulbs with bridge. 16 million colors at your fingertips.',
  'Transform your home lighting with the Philips Hue Starter Kit. Includes three A19 smart LED bulbs and the Hue Bridge for whole-home control. Choose from 16 million colors and shades of white to set the perfect mood. Works with Alexa, Google Home, and Apple HomeKit for seamless voice control.',
  'Home & Living', 'Philips', 135.00, 170.00,
  '/images/products/hue-kit-1.jpg',
  4.6, 256, 12, true, 'HML-PHI-HUE',
  NULL,
  ARRAY['16 million colors','Voice assistant compatible','Schedule automations','Hue Bridge included'],
  '{"Brand":"Philips Hue","Type":"LED Smart Bulbs","Count":"3 bulbs + bridge","Connectivity":"Zigbee + Bluetooth"}',
  '[{"url":"/images/products/hue-kit-1.jpg","type":"image"}]',
  ARRAY['philips','smart-home','lighting','featured'],
  'Sale', 'active', '2024-07-15'
),
(
  '00000000-0000-0000-0000-000000000018',
  'Dyson V15 Detect Vacuum',
  'dyson-v15-detect-vacuum',
  'Cordless vacuum with laser dust detection and powerful suction.',
  'The Dyson V15 Detect reveals dust you can''t normally see with a precisely-angled laser on the Fluffy Optic cleaner head. An acoustic piezo sensor counts and sizes particles, automatically increasing suction power when needed. With up to 60 minutes of fade-free suction and advanced filtration, it''s the most intelligent cordless vacuum yet.',
  'Home & Living', 'Dyson', 599.00, NULL,
  '/images/products/dyson-v15-1.jpg',
  4.7, 189, 5, true, 'HML-DYS-V15',
  NULL,
  ARRAY['Laser dust detection','Piezo sensor auto-adjust','60-min battery life','HEPA filtration'],
  '{"Brand":"Dyson","Type":"Cordless vacuum","Run Time":"Up to 60 min","Weight":"6.8 lbs"}',
  '[{"url":"/images/products/dyson-v15-1.jpg","type":"image"}]',
  ARRAY['dyson','vacuum','cleaning'],
  NULL, 'active', '2024-09-10'
),
(
  '00000000-0000-0000-0000-000000000019',
  'Le Creuset Dutch Oven 5.5 Qt',
  'le-creuset-dutch-oven',
  'Iconic enameled cast iron Dutch oven. A kitchen essential for generations.',
  'The Le Creuset Signature Round Dutch Oven is the brand''s iconic piece, crafted from enameled cast iron for superior heat distribution and retention. The 5.5-quart capacity is perfect for feeding a family. The colorful exterior enamel resists chipping and cracking, while the sand-colored interior makes it easy to monitor food. Oven-safe up to 500°F.',
  'Home & Living', 'Le Creuset', 380.00, NULL,
  '/images/products/lecreuset-do-1.jpg',
  4.9, 342, 8, true, 'HML-LCR-DO5',
  NULL,
  ARRAY['Enameled cast iron','Superior heat distribution','Oven safe to 500°F','Lifetime warranty'],
  '{"Brand":"Le Creuset","Capacity":"5.5 Qt","Material":"Enameled cast iron","Color":"Flame Orange"}',
  '[{"url":"/images/products/lecreuset-do-1.jpg","type":"image"}]',
  ARRAY['le-creuset','cookware','kitchen'],
  NULL, 'active', '2024-05-20'
),
(
  '00000000-0000-0000-0000-000000000020',
  'Sonos One Smart Speaker',
  'sonos-one-speaker',
  'Compact smart speaker with rich sound and built-in voice control.',
  'Sonos One delivers impressively rich, room-filling sound in a compact design. With built-in Alexa and Google Assistant, you can play music, check the news, and control your smart home — all with your voice. Connect multiple Sonos speakers for whole-home audio. AirPlay 2 compatible for seamless streaming from Apple devices.',
  'Home & Living', 'Sonos', 199.00, NULL,
  '/images/products/sonos-one-1.jpg',
  4.6, 198, 16, true, 'HML-SNS-ONE',
  NULL,
  ARRAY['Rich room-filling sound','Built-in voice assistants','AirPlay 2 compatible','Multi-room capable'],
  '{"Brand":"Sonos","Type":"Smart speaker","Connectivity":"Wi-Fi, AirPlay 2","Weight":"4.4 lbs"}',
  '[{"url":"/images/products/sonos-one-1.jpg","type":"image"}]',
  ARRAY['sonos','speaker','smart-home'],
  NULL, 'active', '2024-08-05'
),
-- Accessories
(
  '00000000-0000-0000-0000-000000000021',
  'Casio G-Shock GA-2100',
  'casio-g-shock-ga2100',
  'Ultra-slim G-Shock with octagonal bezel. The CasiOak.',
  'The Casio G-Shock GA-2100 — nicknamed ''CasiOak'' for its resemblance to the iconic AP Royal Oak — features an ultra-slim carbon core guard structure. The octagonal bezel, double LED light, and shock-resistant design make it both stylish and rugged. Water-resistant to 200 meters with a 3-year battery life.',
  'Accessories', 'Casio', 99.00, NULL,
  '/images/products/gshock-2100-1.jpg',
  4.7, 267, 25, true, 'ACC-CSO-2100',
  NULL,
  ARRAY['Carbon core guard','Shock resistant','200m water resistant','3-year battery'],
  '{"Brand":"Casio","Type":"G-Shock GA-2100","Movement":"Quartz","Water Resistance":"200m"}',
  '[{"url":"/images/products/gshock-2100-1.jpg","type":"image"}]',
  ARRAY['casio','watch','g-shock','featured'],
  NULL, 'active', '2024-07-01'
),
(
  '00000000-0000-0000-0000-000000000022',
  'Ray-Ban Wayfarer Classic',
  'ray-ban-wayfarer-classic',
  'The world''s most iconic sunglasses. Timeless style since 1952.',
  'The Ray-Ban Original Wayfarer is the most recognizable style in the history of sunglasses. Since 1952, the Wayfarer has been worn by cultural icons and remains a symbol of effortless cool. These feature the original Wayfarer shape with high-quality crystal green G-15 lenses that provide excellent clarity and UV protection.',
  'Accessories', 'Ray-Ban', 163.00, NULL,
  '/images/products/rayban-way-1.jpg',
  4.8, 456, 30, true, 'ACC-RBN-WAY',
  NULL,
  ARRAY['Crystal green G-15 lenses','100% UV protection','Acetate frame','Metal hinges'],
  '{"Brand":"Ray-Ban","Model":"RB2140 Wayfarer","Lens":"Crystal Green G-15","Material":"Acetate"}',
  '[{"url":"/images/products/rayban-way-1.jpg","type":"image"}]',
  ARRAY['ray-ban','sunglasses','wayfarer'],
  NULL, 'active', '2024-06-20'
),
(
  '00000000-0000-0000-0000-000000000023',
  'Herschel Retreat Backpack',
  'herschel-retreat-backpack',
  'Classic backpack with laptop sleeve and signature striped lining.',
  'The Herschel Retreat Backpack is a refined version of the brand''s classic mountaineering-inspired design. Featuring a durable EcoSystem fabric exterior, fleece-lined 15" laptop sleeve, and the signature striped fabric liner, it''s built for daily use. Magnetic strap closures and a drawstring top opening provide secure storage for all your essentials.',
  'Accessories', 'Herschel', 80.00, NULL,
  '/images/products/herschel-retreat-1.jpg',
  4.5, 134, 18, true, 'ACC-HRS-RET',
  NULL,
  ARRAY['15" laptop sleeve','EcoSystem recycled fabric','Magnetic strap closures','Striped fabric liner'],
  '{"Brand":"Herschel","Type":"Backpack","Volume":"19.5L","Material":"EcoSystem fabric"}',
  '[{"url":"/images/products/herschel-retreat-1.jpg","type":"image"}]',
  ARRAY['herschel','backpack','bag'],
  NULL, 'active', '2024-09-05'
),
(
  '00000000-0000-0000-0000-000000000024',
  'Apple Watch SE (2024)',
  'apple-watch-se-2024',
  'Essential Apple Watch features at an accessible price point.',
  'The Apple Watch SE (2024) brings essential Apple Watch features at an accessible price. Track your daily activity, workout with precision, and stay connected with calls and messages right from your wrist. With crash detection, fall detection, and Emergency SOS, it''s also a powerful safety device. The swim-proof design and all-day battery life make it perfect for everyday use.',
  'Accessories', 'Apple', 249.00, NULL,
  '/images/products/watch-se-1.jpg',
  4.6, 321, 14, true, 'ACC-APL-WSE',
  NULL,
  ARRAY['Activity tracking','Crash & fall detection','Swim proof (50m)','All-day battery life'],
  '{"Brand":"Apple","Type":"Smartwatch","Display":"OLED Retina","Water Resistance":"50m"}',
  '[{"url":"/images/products/watch-se-1.jpg","type":"image"}]',
  ARRAY['apple','watch','wearable'],
  NULL, 'active', '2024-10-25'
),
(
  '00000000-0000-0000-0000-000000000025',
  'The North Face Borealis Backpack',
  'north-face-borealis-backpack',
  'Versatile daypack with FlexVent suspension and laptop compartment.',
  'The North Face Borealis is a versatile, durable daypack with a comfortable FlexVent suspension system. The updated design features a dedicated laptop compartment, a secondary compartment with an internal organization sleeve, and a front bungee system for extra storage. Made from 100% recycled nylon, it''s built to last while reducing environmental impact.',
  'Accessories', 'The North Face', 99.00, 110.00,
  '/images/products/tnf-borealis-1.jpg',
  4.7, 287, 22, true, 'ACC-TNF-BOR',
  NULL,
  ARRAY['FlexVent suspension system','Laptop compartment','100% recycled nylon','Front bungee system'],
  '{"Brand":"The North Face","Type":"Daypack","Volume":"28L","Material":"Recycled nylon"}',
  '[{"url":"/images/products/tnf-borealis-1.jpg","type":"image"}]',
  ARRAY['north-face','backpack','bag'],
  'Sale', 'active', '2024-08-30'
),
-- Collectibles
(
  '00000000-0000-0000-0000-000000000026',
  'BE@RBRICK KAWS 1000%',
  'bearbrick-1000-kaws',
  'Limited edition KAWS x Medicom collaboration figure. Art meets collectible.',
  'The BE@RBRICK KAWS 1000% represents the pinnacle of designer toy collecting. This massive 70cm figure features KAWS'' signature XX eyes and crossed-out motif on the iconic bear form. A collaboration between KAWS and Medicom Toy, this limited edition piece is both a work of art and a highly sought-after collectible.',
  'Collectibles', 'Medicom Toy x KAWS', 1200.00, NULL,
  '/images/products/bearbrick-kaws-1.jpg',
  4.9, 23, 2, true, 'COL-BBR-KWS',
  NULL,
  ARRAY['1000% size (70cm)','KAWS collaboration','Limited edition','Premium vinyl construction'],
  '{"Brand":"Medicom Toy x KAWS","Height":"70cm (27.6\")","Material":"Vinyl","Edition":"Limited"}',
  '[{"url":"/images/products/bearbrick-kaws-1.jpg","type":"image"}]',
  ARRAY['bearbrick','kaws','figure','limited'],
  NULL, 'active', '2024-11-10'
),
(
  '00000000-0000-0000-0000-000000000027',
  'Pokemon Charizard PSA 10',
  'pokemon-charizard-psa-10',
  'Gem Mint PSA 10 graded Base Set Charizard. The holy grail of Pokemon cards.',
  'This PSA 10 Gem Mint Charizard from the Pokemon Base Set is one of the most coveted trading cards in the hobby. Graded by Professional Sports Authenticator at the highest possible grade, this card features perfect centering, sharp corners, and flawless surfaces. A true investment piece and the crown jewel of any Pokemon collection.',
  'Collectibles', 'Pokemon', 850.00, NULL,
  '/images/products/charizard-psa10-1.jpg',
  5.0, 12, 1, true, 'COL-PKM-CHR',
  NULL,
  ARRAY['PSA 10 Gem Mint grade','Base Set holographic','Authenticated & encased','Investment grade'],
  '{"Set":"Base Set","Card":"#4/102 Charizard","Grade":"PSA 10 Gem Mint","Year":"1999"}',
  '[{"url":"/images/products/charizard-psa10-1.jpg","type":"image"}]',
  ARRAY['pokemon','cards','graded','featured'],
  NULL, 'active', '2024-10-05'
),
(
  '00000000-0000-0000-0000-000000000028',
  'LEGO Star Wars Millennium Falcon',
  'lego-star-wars-millennium-falcon',
  'Ultimate Collector Series Millennium Falcon. 7,541 pieces of pure joy.',
  'The LEGO Star Wars Ultimate Collector Series Millennium Falcon is one of the largest and most detailed LEGO sets ever created. At 7,541 pieces, this 1:1 scale replica features incredible interior detail including the cockpit, main hold with game table, rear compartment, and top/bottom gunner stations. Includes 4 classic crew minifigures plus 3 Episode VII characters.',
  'Collectibles', 'LEGO', 849.00, NULL,
  '/images/products/lego-falcon-1.jpg',
  4.9, 67, 3, true, 'COL-LGO-MF',
  NULL,
  ARRAY['7,541 pieces','1:1 scale replica','Detailed interior','7 minifigures included'],
  '{"Brand":"LEGO","Theme":"Star Wars UCS","Pieces":"7,541","Dimensions":"33\" x 22\" x 8\""}',
  '[{"url":"/images/products/lego-falcon-1.jpg","type":"image"}]',
  ARRAY['lego','star-wars','ucs'],
  NULL, 'active', '2024-06-10'
),
(
  '00000000-0000-0000-0000-000000000029',
  'Funko Pop! Spider-Man Exclusive',
  'funko-pop-spider-man-exclusive',
  'Limited chase variant with metallic finish. A must for Marvel collectors.',
  'This exclusive Funko Pop! Spider-Man features a stunning metallic finish that sets it apart from the standard release. The chase variant includes the character in the classic red and blue suit with web-slinging action pose. Standing approximately 3.75 inches tall, this vinyl figure comes in a window display box and is perfect for any Marvel collection.',
  'Collectibles', 'Funko', 45.00, 55.00,
  '/images/products/funko-spiderman-1.jpg',
  4.6, 98, 9, true, 'COL-FNK-SPD',
  NULL,
  ARRAY['Metallic chase variant','Exclusive release','Window display box','3.75" vinyl figure'],
  '{"Brand":"Funko","Line":"Pop! Marvel","Height":"3.75\"","Material":"Vinyl"}',
  '[{"url":"/images/products/funko-spiderman-1.jpg","type":"image"}]',
  ARRAY['funko','pop','marvel','exclusive'],
  'Sale', 'active', '2024-09-25'
)
ON CONFLICT DO NOTHING;

-- Seed sample asks (listings) for market data
INSERT INTO asks (product_id, seller_id, size, condition, ask_price, status, views) VALUES
  ('00000000-0000-0000-0000-000000000001', '00000000-0000-0000-0000-000000000099', '9', 'new', 225.00, 'active', 45),
  ('00000000-0000-0000-0000-000000000001', '00000000-0000-0000-0000-000000000098', '10', 'new', 235.00, 'active', 32),
  ('00000000-0000-0000-0000-000000000001', '00000000-0000-0000-0000-000000000097', '11', 'new', 220.00, 'active', 28),
  ('00000000-0000-0000-0000-000000000002', '00000000-0000-0000-0000-000000000099', '9', 'new', 120.00, 'active', 56),
  ('00000000-0000-0000-0000-000000000002', '00000000-0000-0000-0000-000000000098', '10', 'new', 125.00, 'active', 41),
  ('00000000-0000-0000-0000-000000000006', '00000000-0000-0000-0000-000000000099', NULL, 'new', 355.00, 'active', 23),
  ('00000000-0000-0000-0000-000000000011', '00000000-0000-0000-0000-000000000098', 'L', 'new', 95.00, 'active', 67),
  ('00000000-0000-0000-0000-000000000021', '00000000-0000-0000-0000-000000000097', NULL, 'new', 105.00, 'active', 34),
  ('00000000-0000-0000-0000-000000000026', '00000000-0000-0000-0000-000000000099', NULL, 'new', 1250.00, 'active', 89),
  ('00000000-0000-0000-0000-000000000027', '00000000-0000-0000-0000-000000000098', NULL, 'new', 875.00, 'active', 112);

-- Seed sample bids for market data
INSERT INTO bids (product_id, buyer_id, size, bid_amount, status) VALUES
  ('00000000-0000-0000-0000-000000000001', '00000000-0000-0000-0000-000000000096', '9', 200.00, 'active'),
  ('00000000-0000-0000-0000-000000000001', '00000000-0000-0000-0000-000000000095', '10', 210.00, 'active'),
  ('00000000-0000-0000-0000-000000000002', '00000000-0000-0000-0000-000000000096', '9', 105.00, 'active'),
  ('00000000-0000-0000-0000-000000000006', '00000000-0000-0000-0000-000000000095', NULL, 330.00, 'active'),
  ('00000000-0000-0000-0000-000000000011', '00000000-0000-0000-0000-000000000096', 'L', 80.00, 'active'),
  ('00000000-0000-0000-0000-000000000026', '00000000-0000-0000-0000-000000000095', NULL, 1100.00, 'active'),
  ('00000000-0000-0000-0000-000000000027', '00000000-0000-0000-0000-000000000096', NULL, 800.00, 'active');

-- Seed sample sales for last-sale market data
INSERT INTO sales (product_id, seller_id, buyer_id, size, sale_price, sold_at) VALUES
  ('00000000-0000-0000-0000-000000000001', '00000000-0000-0000-0000-000000000099', '00000000-0000-0000-0000-000000000096', '9', 218.00, '2024-10-15'),
  ('00000000-0000-0000-0000-000000000002', '00000000-0000-0000-0000-000000000098', '00000000-0000-0000-0000-000000000095', '10', 112.00, '2024-10-20'),
  ('00000000-0000-0000-0000-000000000006', '00000000-0000-0000-0000-000000000097', '00000000-0000-0000-0000-000000000096', NULL, 340.00, '2024-11-01'),
  ('00000000-0000-0000-0000-000000000011', '00000000-0000-0000-0000-000000000099', '00000000-0000-0000-0000-000000000095', 'M', 88.00, '2024-10-25'),
  ('00000000-0000-0000-0000-000000000026', '00000000-0000-0000-0000-000000000098', '00000000-0000-0000-0000-000000000096', NULL, 1150.00, '2024-11-05');
